ID_Evento,Nombre_Evento,Lugar,Categoria,Fecha,Estrato_Zona,Asistentes_Esperados,Capacidad_Sillas,Poblacion_Impactada_Est,Costo_Entrada_COP,Temperatura_C,Humedad_Pct,Presupuesto_Mkt_COP,Aumento_Anual_Ventas_Pct,Satisfaccion_Historica,Precio_Reventa_COP
MED-001,Altavoz Fest,Plaza Mayor,Teatro,2025-07-19,2,14486,5632,4332,450000,20.1,85.1,47712196,-5.91,3,996860.0
MED-002,Medellín Gourmet,Estadio Atanasio Girardot,Teatro,2025-05-09,5,2825,563,59073,25000,22.8,78.7,15492692,8.57,2,69396.0
MED-003,Colombiamoda,Teatro Metropolitano,Moda,2025-10-29,5,7726,5175,62845,80000,30.7,80.5,11346137,16.56,4,163737.0
MED-004,Colombiamoda,Plaza Mayor,Música,2025-11-28,5,13785,8750,5371,0,18.2,81.0,61557691,28.89,3,0.0
MED-005,Desfile de Silleteros,Estadio Atanasio Girardot,Teatro,2025-08-30,1,1568,745,79514,80000,23.7,90.7,3519735,26.97,4,149186.0
MED-006,Altavoz Fest,Plaza Mayor,Artes Plásticas,2025-07-05,3,3704,7836,13039,450000,30.8,45.8,20626644,21.23,1,928049.0
MED-007,Fiesta del Libro,Plaza Mayor,Gastronomía,2025-04-08,4,8722,13405,29832,25000,19.8,66.8,63052063,20.87,3,55456.0
MED-008,Festival de Jazz,Museo de Antioquia,Música,2025-04-07,1,3188,8105,11765,25000,29.8,55.7,67196702,16.04,5,57745.0
MED-009,Festival de Jazz,Museo de Antioquia,Literatura,2026-01-25,6,12711,7700,59256,150000,24.8,75.2,48876316,2.48,5,521335.0
MED-010,Colombiamoda,Museo de Antioquia,Gastronomía,2025-04-02,4,2045,8351,45412,25000,28.0,77.8,20943627,0.17,5,75515.0
MED-011,Comic Con,Teatro Metropolitano,Artes Plásticas,2026-04-26,4,2916,13134,65889,150000,21.2,89.5,13148333,14.59,4,186758.0
MED-012,Festival de Jazz,Estadio Atanasio Girardot,Moda,2025-07-04,3,14487,5584,4251,45000,22.6,85.8,57197069,4.89,1,54348.0
MED-013,Colombiamoda,Parque Explora,Teatro,2025-08-31,3,9363,11419,51458,0,21.1,54.5,23652400,9.26,4,0.0
MED-014,Concierto Filarmónica,Parque de los Deseos,Moda,2025-02-03,3,4574,4998,6669,0,29.5,57.1,14059667,14.68,5,0.0
MED-015,Maridaje,Parque Explora,Teatro,2026-04-11,5,12279,5827,16129,0,17.7,65.7,38259874,-6.74,3,0.0
MED-016,Festival de Jazz,Museo de Antioquia,Moda,2025-11-24,3,8109,7832,52243,25000,23.2,93.1,37255914,-0.02,1,47382.0
MED-017,Maridaje,Jardín Botánico,Gastronomía,2025-11-01,1,1587,9664,78564,150000,24.9,48.7,58385240,-5.23,3,471767.0
MED-018,Fiesta del Libro,Plaza Mayor,Artes Plásticas,2025-03-11,4,6185,1481,50087,45000,22.1,65.0,15109838,-1.53,1,148806.0
MED-019,Feria de las Flores,Parque de los Deseos,Teatro,2025-11-16,4,10992,530,63799,450000,26.7,89.1,33452062,26.58,5,1339730.0
MED-020,Festival de Jazz,Jardín Botánico,Moda,2025-05-27,2,550,1870,50942,150000,29.9,76.8,39707016,17.67,3,280916.0
MED-021,Altavoz Fest,Parque Explora,Música,2026-02-13,3,14741,15449,40396,25000,17.4,91.9,31339592,5.72,4,46556.0
MED-022,Altavoz Fest,Teatro Pablo Tobón,Música,2026-02-13,1,11077,14177,35648,45000,18.7,70.8,79978424,25.08,1,59796.0
MED-023,Tangovía,Teatro Metropolitano,Artes Plásticas,2025-10-01,4,2181,6360,59355,45000,20.2,91.6,79141401,-1.7,4,152551.0
MED-024,Altavoz Fest,Plaza Mayor,Teatro,2025-01-26,4,10557,9592,78442,25000,26.0,55.1,44616879,17.09,3,58579.0
MED-025,Maridaje,Teatro Metropolitano,Gastronomía,2025-10-12,4,12374,14691,59884,0,20.3,46.7,78572325,21.15,3,0.0
MED-026,Feria de las Flores,Parque Explora,Teatro,2025-06-26,5,12674,9486,67508,45000,30.5,83.1,53278546,4.88,2,64054.0
MED-027,Desfile de Silleteros,Teatro Pablo Tobón,Literatura,2026-03-10,2,10256,2984,32039,25000,19.1,74.0,47481469,3.43,4,41339.0
MED-028,Maridaje,Jardín Botánico,Moda,2026-04-24,3,6227,15115,65937,0,17.7,70.0,36371735,4.23,5,0.0
MED-029,Desfile de Silleteros,Estadio Atanasio Girardot,Música,2025-04-26,5,2548,10065,57000,25000,23.6,82.1,58269426,5.86,1,57964.0
MED-030,Medellín Gourmet,Teatro Metropolitano,Gastronomía,2026-01-04,4,10189,3553,66594,45000,26.6,75.9,22380358,-4.81,4,83613.0
MED-031,Fiesta del Libro,Jardín Botánico,Teatro,2025-05-22,2,3065,12168,76632,80000,29.3,65.8,6265954,8.46,2,154931.0
MED-032,Comic Con,Parque de los Deseos,Literatura,2025-08-31,3,1017,12099,87762,450000,26.6,59.1,50308970,27.42,3,564517.0
MED-033,Tangovía,Parque de los Deseos,Gastronomía,2025-11-22,5,8143,8747,16087,80000,24.3,49.2,45553160,14.67,2,213847.0
MED-034,Medellín Gourmet,Parque Explora,Moda,2026-04-17,6,4918,3179,61608,25000,23.5,66.0,39706689,17.99,1,80344.0
MED-035,Medellín Gourmet,Teatro Pablo Tobón,Moda,2025-01-18,1,2903,2353,96990,0,20.6,68.8,75919111,4.62,4,0.0
MED-036,Comic Con,Teatro Pablo Tobón,Teatro,2026-04-15,2,5609,7356,60038,0,24.1,62.4,45401285,29.98,1,0.0
MED-037,Concierto Filarmónica,Parque Explora,Literatura,2025-06-06,3,6412,1507,93252,150000,25.0,73.4,69403868,21.37,4,221882.0
MED-038,Colombiamoda,Parque de los Deseos,Música,2025-03-19,1,5362,15684,57121,25000,23.9,81.8,58047266,12.12,3,65942.0
MED-039,Desfile de Silleteros,Plaza Mayor,Música,2025-05-18,4,8224,7947,92700,450000,19.9,85.7,37825757,5.94,5,861490.0
MED-040,Altavoz Fest,Teatro Metropolitano,Gastronomía,2025-08-21,6,9423,14340,8688,45000,23.3,78.4,21322247,9.41,1,128930.0
MED-041,Concierto Filarmónica,Teatro Metropolitano,Música,2025-07-21,6,8307,15020,25295,80000,30.2,87.3,19797732,9.4,1,171170.0
MED-042,Medellín Gourmet,Jardín Botánico,Moda,2026-04-01,6,3203,4646,38395,450000,21.4,67.2,31490342,28.29,3,1553597.0
MED-043,Altavoz Fest,Estadio Atanasio Girardot,Moda,2026-02-09,2,7793,5200,16933,150000,17.3,91.8,76793718,28.86,1,410937.0
MED-044,Colombiamoda,Parque Explora,Artes Plásticas,2026-05-01,4,1697,12627,25558,150000,20.5,73.6,54107914,22.62,4,454058.0
MED-045,Colombiamoda,Teatro Metropolitano,Gastronomía,2026-05-13,3,8087,2080,51487,150000,20.0,56.1,15404300,25.66,1,192664.0
MED-046,Tangovía,Teatro Metropolitano,Literatura,2026-01-01,2,11526,12026,41646,80000,19.8,94.9,57362669,27.47,2,113074.0
MED-047,Tangovía,Teatro Metropolitano,Artes Plásticas,2025-02-22,6,6722,4554,93029,0,26.4,71.6,26611107,25.69,1,0.0
MED-048,Maridaje,Plaza Mayor,Música,2025-04-17,4,3657,3516,76121,150000,27.4,50.4,46461620,-8.83,2,269541.0
MED-049,Festival de Poesía,Parque Explora,Literatura,2025-06-07,4,4961,5285,55337,450000,29.0,51.8,72270148,12.76,2,854082.0
MED-050,Desfile de Silleteros,Parque de los Deseos,Moda,2025-03-05,2,5445,14135,92627,45000,18.2,80.5,78836676,13.68,1,89506.0
MED-051,Concierto Filarmónica,Estadio Atanasio Girardot,Artes Plásticas,2025-05-13,5,2564,2005,50154,25000,19.4,61.7,52999774,-6.5,1,38355.0
MED-052,Concierto Filarmónica,Jardín Botánico,Gastronomía,2026-05-11,2,7143,1993,6169,0,30.7,64.6,53210923,16.12,1,0.0
MED-053,Festival de Jazz,Museo de Antioquia,Literatura,2025-12-14,5,14189,5363,24172,150000,17.0,81.5,42245213,11.17,3,487445.0
MED-054,Tangovía,Parque de los Deseos,Teatro,2026-02-25,1,13154,9471,57627,45000,23.4,90.5,44261678,17.96,3,134599.0
MED-055,Feria de las Flores,Plaza Mayor,Teatro,2025-08-01,6,666,3461,88644,45000,17.7,80.0,3503884,9.42,3,117657.0
MED-056,Concierto Filarmónica,Parque Explora,Música,2025-02-06,5,11698,8224,72333,25000,26.1,85.8,63214383,15.96,5,44887.0
MED-057,Medellín Gourmet,Jardín Botánico,Literatura,2025-09-03,2,7099,10451,32934,0,30.9,93.8,12265536,20.07,3,0.0
MED-058,Medellín Gourmet,Parque Explora,Moda,2025-06-11,1,14751,8477,58008,450000,23.5,56.5,29490818,2.99,3,971163.0
MED-059,Maridaje,Plaza Mayor,Música,2025-05-26,5,11885,7472,44300,0,22.2,71.5,50438051,18.65,5,0.0
MED-060,Comic Con,Parque Explora,Música,2025-06-02,6,4338,3147,35455,0,26.3,79.2,34328913,-7.95,5,0.0
MED-061,Altavoz Fest,Parque Explora,Gastronomía,2025-03-09,6,5253,6671,98193,0,26.4,47.5,43435052,10.13,4,0.0
MED-062,Comic Con,Jardín Botánico,Artes Plásticas,2026-05-13,2,162,6678,60661,80000,25.4,93.1,77506677,19.11,1,276078.0
MED-063,Festival de Jazz,Teatro Pablo Tobón,Literatura,2026-04-28,6,14156,7923,36923,150000,25.2,77.8,35306363,18.76,5,438052.0
MED-064,Colombiamoda,Jardín Botánico,Música,2025-12-26,6,1258,12700,13758,80000,18.4,88.4,54100850,-7.86,1,106523.0
MED-065,Maridaje,Plaza Mayor,Literatura,2026-04-12,3,1372,13181,43666,450000,31.0,47.6,75392510,3.25,4,1309478.0
MED-066,Altavoz Fest,Teatro Pablo Tobón,Artes Plásticas,2026-03-03,2,4897,12933,37479,25000,25.9,77.7,56315640,-7.09,3,44010.0
MED-067,Comic Con,Plaza Mayor,Literatura,2025-01-25,6,6240,11467,65057,150000,20.3,72.9,33403598,27.01,4,440865.0
MED-068,Colombiamoda,Teatro Metropolitano,Literatura,2026-04-20,2,10125,5064,62907,450000,29.8,92.3,55783200,19.72,2,1539886.0
MED-069,Festival de Jazz,Estadio Atanasio Girardot,Teatro,2025-02-04,1,12476,7963,87738,45000,19.4,73.4,63145155,19.32,2,85095.0
MED-070,Maridaje,Parque Explora,Artes Plásticas,2025-05-30,6,4801,1289,25094,45000,21.8,51.2,75026174,29.23,1,119069.0
MED-071,Comic Con,Estadio Atanasio Girardot,Artes Plásticas,2026-01-23,3,6830,5077,29057,0,24.5,73.5,8498227,26.68,5,0.0
MED-072,Colombiamoda,Parque Explora,Literatura,2025-08-11,2,635,15979,83444,0,22.2,51.7,8803677,23.51,4,0.0
MED-073,Tangovía,Teatro Pablo Tobón,Teatro,2025-02-16,4,13667,7708,25112,450000,24.1,78.9,58985619,4.09,5,1312798.0
MED-074,Comic Con,Plaza Mayor,Moda,2026-03-25,2,14915,3251,60606,45000,23.6,83.4,43738794,9.73,3,149667.0
MED-075,Festival de Jazz,Museo de Antioquia,Literatura,2025-04-14,5,9483,2314,37614,80000,20.7,63.1,17827064,-7.98,2,260035.0
MED-076,Maridaje,Teatro Pablo Tobón,Literatura,2025-12-01,2,7147,3720,87959,80000,26.9,63.7,64370232,20.38,2,196087.0
MED-077,Colombiamoda,Teatro Pablo Tobón,Artes Plásticas,2025-04-14,4,6011,1543,99796,25000,18.5,69.2,34136228,10.76,5,80611.0
MED-078,Colombiamoda,Parque de los Deseos,Artes Plásticas,2026-04-25,6,13843,2758,31058,0,19.3,64.4,49234425,10.04,5,0.0
MED-079,Feria de las Flores,Teatro Metropolitano,Gastronomía,2025-10-04,1,10486,15922,55820,80000,28.5,59.2,77985749,29.94,3,266706.0
MED-080,Festival de Jazz,Teatro Metropolitano,Música,2025-01-06,6,8835,12434,88183,0,27.5,69.8,59754015,11.03,3,0.0
MED-081,Fiesta del Libro,Teatro Pablo Tobón,Moda,2025-01-16,5,4758,4480,51508,0,20.9,60.3,43756584,28.78,3,0.0
MED-082,Festival de Poesía,Plaza Mayor,Moda,2025-06-11,6,5492,6117,90396,25000,29.0,66.5,70625379,-5.9,4,75827.0
MED-083,Feria de las Flores,Museo de Antioquia,Música,2025-04-14,6,12213,2276,25287,450000,27.4,84.0,50187743,24.01,3,1547426.0
MED-084,Concierto Filarmónica,Museo de Antioquia,Gastronomía,2025-01-15,3,12591,15476,2307,0,29.8,62.1,21856166,-6.32,2,0.0
MED-085,Colombiamoda,Teatro Pablo Tobón,Gastronomía,2025-11-17,1,853,12623,40503,450000,21.0,83.1,54389443,24.69,4,1189205.0
MED-086,Desfile de Silleteros,Estadio Atanasio Girardot,Teatro,2026-03-07,4,558,14744,34178,0,19.4,71.1,72880763,13.22,1,0.0
MED-087,Altavoz Fest,Plaza Mayor,Artes Plásticas,2025-06-13,1,7609,9068,52201,80000,20.3,58.2,18332849,-6.32,3,202943.0
MED-088,Concierto Filarmónica,Museo de Antioquia,Teatro,2025-02-18,6,10445,14628,12928,150000,28.5,87.5,70141559,-3.52,1,493471.0
MED-089,Festival de Jazz,Plaza Mayor,Literatura,2025-05-10,1,4497,14962,73739,45000,28.9,75.4,75932260,9.7,1,84471.0
MED-090,Comic Con,Teatro Pablo Tobón,Gastronomía,2025-09-13,5,11769,8045,12565,45000,18.3,79.7,13200247,20.01,4,146663.0
MED-091,Maridaje,Teatro Pablo Tobón,Teatro,2025-09-24,5,8643,7892,16297,45000,25.4,67.7,20438549,7.54,2,105189.0
MED-092,Festival de Poesía,Teatro Pablo Tobón,Teatro,2026-03-06,5,5399,1933,66843,45000,30.5,58.7,6104952,24.65,1,59825.0
MED-093,Maridaje,Museo de Antioquia,Artes Plásticas,2025-07-30,6,1988,3758,31297,150000,27.0,63.9,59473370,20.64,1,234243.0
MED-094,Fiesta del Libro,Teatro Metropolitano,Gastronomía,2025-12-16,5,14927,2894,28167,450000,17.8,49.4,37963438,2.61,2,1360105.0
MED-095,Altavoz Fest,Teatro Metropolitano,Música,2025-06-21,4,4757,11983,13409,450000,25.4,87.1,12064281,29.14,5,883883.0
MED-096,Desfile de Silleteros,Estadio Atanasio Girardot,Gastronomía,2025-10-04,1,9001,7384,62942,45000,30.6,74.8,66183615,12.36,1,79506.0
MED-097,Concierto Filarmónica,Parque Explora,Literatura,2026-01-17,3,2016,4483,70701,450000,30.0,52.1,13676719,11.31,3,677065.0
MED-098,Maridaje,Plaza Mayor,Gastronomía,2025-11-12,1,112,4176,24594,0,25.6,86.0,16040314,16.27,1,0.0
MED-099,Desfile de Silleteros,Parque de los Deseos,Moda,2025-04-23,3,1926,14378,7352,150000,29.5,63.8,5428042,14.28,2,294855.0
MED-100,Maridaje,Plaza Mayor,Artes Plásticas,2025-01-22,1,3492,14214,42301,45000,19.8,89.0,3714464,3.7,2,64419.0
MED-101,Concierto Filarmónica,Plaza Mayor,Teatro,2025-07-03,4,13244,13060,41218,80000,30.0,63.0,46017685,3.84,2,163270.0
MED-102,Colombiamoda,Museo de Antioquia,Moda,2026-03-08,5,4001,273,1489,0,21.3,91.3,21875131,-0.36,3,0.0
MED-103,Tangovía,Parque de los Deseos,Literatura,2025-12-13,1,1148,4895,87940,150000,30.1,56.8,38398434,3.0,1,506558.0
MED-104,Colombiamoda,Plaza Mayor,Gastronomía,2025-10-22,1,13200,3700,97973,25000,23.1,45.0,78396657,22.12,1,33460.0
MED-105,Comic Con,Parque Explora,Moda,2026-01-03,2,12912,13552,84435,45000,21.5,71.1,5642589,-8.6,4,149216.0
MED-106,Desfile de Silleteros,Estadio Atanasio Girardot,Moda,2025-09-10,2,6209,698,41117,0,26.0,86.7,7776901,13.97,5,0.0
MED-107,Tangovía,Museo de Antioquia,Artes Plásticas,2026-04-25,6,7120,9411,76004,150000,25.9,55.8,64869827,7.91,2,387658.0
MED-108,Colombiamoda,Estadio Atanasio Girardot,Moda,2025-12-17,6,796,12817,15178,150000,26.3,63.8,45742672,20.68,2,267408.0
MED-109,Desfile de Silleteros,Plaza Mayor,Moda,2025-09-08,2,4324,6863,49323,25000,25.4,51.1,18402696,-0.64,4,82589.0
MED-110,Colombiamoda,Plaza Mayor,Literatura,2025-12-20,3,12641,4617,28928,450000,23.6,50.5,37096289,18.36,2,1327880.0
MED-111,Concierto Filarmónica,Parque de los Deseos,Teatro,2025-08-08,2,11283,2883,24155,150000,29.9,56.2,22846911,23.99,2,501228.0
MED-112,Maridaje,Parque de los Deseos,Artes Plásticas,2025-02-01,4,576,8568,14031,45000,26.7,45.4,34695332,28.97,4,155918.0
MED-113,Comic Con,Estadio Atanasio Girardot,Artes Plásticas,2025-11-17,5,9180,2668,54907,25000,23.0,47.3,5817627,15.21,5,80209.0
MED-114,Comic Con,Parque Explora,Literatura,2025-11-30,3,11761,5114,87936,450000,26.9,75.9,77952738,17.76,4,1267938.0
MED-115,Fiesta del Libro,Museo de Antioquia,Gastronomía,2025-06-25,6,13748,15905,66551,150000,30.3,76.0,26087058,-9.64,4,221688.0
MED-116,Tangovía,Parque Explora,Gastronomía,2026-03-24,4,3347,15306,63581,45000,17.8,82.9,40252230,-2.82,3,61466.0
MED-117,Tangovía,Parque de los Deseos,Moda,2025-07-05,6,14783,14574,3311,150000,22.6,51.7,13882204,10.46,5,396072.0
MED-118,Feria de las Flores,Teatro Metropolitano,Artes Plásticas,2025-04-14,2,7706,13607,61717,0,19.2,85.5,3550821,27.35,1,0.0
MED-119,Feria de las Flores,Plaza Mayor,Música,2025-10-05,6,8480,3414,66301,450000,30.1,54.8,77456712,21.83,4,1031081.0
MED-120,Festival de Poesía,Teatro Pablo Tobón,Teatro,2026-04-26,4,12042,13648,93228,0,26.7,79.5,3660365,11.61,4,0.0
MED-121,Desfile de Silleteros,Plaza Mayor,Moda,2025-05-11,5,14902,2050,99596,150000,26.8,93.6,43579275,-4.96,1,273306.0
MED-122,Festival de Jazz,Teatro Metropolitano,Gastronomía,2025-10-12,2,1274,15721,38164,0,25.1,84.2,8552220,12.77,2,0.0
MED-123,Maridaje,Museo de Antioquia,Artes Plásticas,2025-11-21,4,10079,4962,34862,80000,18.0,66.7,45601959,-6.05,3,278485.0
MED-124,Colombiamoda,Teatro Metropolitano,Gastronomía,2025-09-26,4,5533,13642,91531,0,30.3,64.8,67607304,11.66,2,0.0
MED-125,Maridaje,Parque Explora,Literatura,2025-06-26,6,13679,3518,87301,0,29.4,78.1,39974947,-2.59,1,0.0
MED-126,Medellín Gourmet,Teatro Metropolitano,Teatro,2026-02-13,1,10633,3275,26786,45000,28.9,70.3,41624865,27.46,4,102835.0
MED-127,Fiesta del Libro,Estadio Atanasio Girardot,Moda,2025-07-26,6,12852,5567,85121,80000,20.5,87.1,40148224,-0.93,4,192947.0
MED-128,Tangovía,Plaza Mayor,Gastronomía,2025-10-03,5,11609,9494,97275,150000,21.7,89.6,73302964,12.14,5,415313.0
MED-129,Concierto Filarmónica,Parque Explora,Literatura,2026-03-17,2,10283,1576,11529,45000,23.5,72.6,53877752,24.96,3,139199.0
MED-130,Maridaje,Teatro Pablo Tobón,Literatura,2026-01-26,1,6996,14486,60047,150000,30.8,88.3,4599620,15.54,1,502889.0
MED-131,Maridaje,Teatro Metropolitano,Teatro,2025-02-11,6,1156,13005,30762,150000,19.6,53.3,67187846,17.82,4,257261.0
MED-132,Colombiamoda,Teatro Metropolitano,Literatura,2025-11-22,5,352,8435,55523,450000,23.8,52.8,12605415,20.21,3,696316.0
MED-133,Maridaje,Museo de Antioquia,Teatro,2025-11-28,4,1253,14803,99628,25000,27.9,45.8,53870113,25.07,3,72513.0
MED-134,Comic Con,Parque de los Deseos,Música,2026-03-31,6,1120,12557,63412,0,28.0,65.0,38190575,11.96,4,0.0
MED-135,Colombiamoda,Parque de los Deseos,Moda,2026-01-24,1,1979,3437,46533,45000,25.1,64.1,55363161,22.87,2,116012.0
MED-136,Desfile de Silleteros,Jardín Botánico,Artes Plásticas,2026-02-08,2,9529,15106,12270,0,23.9,74.9,62826423,17.7,5,0.0
MED-137,Feria de las Flores,Plaza Mayor,Teatro,2025-01-11,1,11701,8398,25024,45000,26.5,64.1,70399015,1.32,3,90146.0
MED-138,Tangovía,Parque de los Deseos,Música,2025-08-10,2,14983,1708,65579,450000,21.1,86.6,32356248,-2.6,3,1225882.0
MED-139,Medellín Gourmet,Plaza Mayor,Moda,2025-08-27,5,13726,10493,90322,450000,19.5,53.0,16520275,25.93,4,1098985.0
MED-140,Maridaje,Teatro Pablo Tobón,Moda,2026-04-23,3,5627,4800,21339,150000,21.0,92.5,72088400,27.94,4,259531.0
MED-141,Altavoz Fest,Museo de Antioquia,Artes Plásticas,2025-12-16,4,11768,11449,49511,0,26.5,62.6,39175609,-6.14,4,0.0
MED-142,Maridaje,Estadio Atanasio Girardot,Moda,2025-01-27,1,14888,10151,46351,150000,21.1,56.1,50313251,-4.95,4,189080.0
MED-143,Concierto Filarmónica,Parque de los Deseos,Artes Plásticas,2025-11-26,4,4781,15864,82934,0,20.2,85.9,35175552,-8.18,4,0.0
MED-144,Concierto Filarmónica,Plaza Mayor,Literatura,2025-11-03,1,4408,5521,42792,45000,19.3,68.4,14951596,18.38,4,85593.0
MED-145,Colombiamoda,Plaza Mayor,Gastronomía,2025-01-21,1,5156,13114,95647,450000,28.7,81.4,38389820,14.37,2,1351603.0
MED-146,Tangovía,Jardín Botánico,Teatro,2025-08-30,2,6307,7825,89585,25000,19.6,64.7,45168658,-0.61,3,39721.0
MED-147,Maridaje,Parque de los Deseos,Teatro,2025-03-16,2,1158,4677,56730,45000,25.4,82.5,32510494,16.64,3,76642.0
MED-148,Festival de Poesía,Parque Explora,Moda,2026-03-21,2,6105,14336,43166,450000,28.6,64.8,2988030,14.48,5,1014419.0
MED-149,Comic Con,Jardín Botánico,Moda,2025-12-04,5,1770,12396,15097,0,26.1,76.6,22491206,-7.15,5,0.0
MED-150,Concierto Filarmónica,Teatro Metropolitano,Artes Plásticas,2025-08-31,4,5913,14921,58133,0,25.9,69.1,47685473,24.65,1,0.0
MED-151,Maridaje,Teatro Metropolitano,Teatro,2025-07-26,6,8096,4837,41134,150000,28.5,64.2,42703556,14.33,1,408967.0
MED-152,Altavoz Fest,Parque Explora,Moda,2025-03-03,5,5810,1250,99140,0,19.3,90.0,42194980,6.99,2,0.0
MED-153,Desfile de Silleteros,Plaza Mayor,Moda,2026-01-01,4,12263,12853,65829,150000,30.7,89.3,12899910,26.96,2,464010.0
MED-154,Tangovía,Parque de los Deseos,Artes Plásticas,2026-04-14,5,11064,12870,17374,80000,18.7,91.2,27072152,24.53,5,251147.0
MED-155,Maridaje,Museo de Antioquia,Artes Plásticas,2025-11-27,3,4152,5395,95978,45000,27.1,71.1,13400174,1.82,2,142485.0
MED-156,Medellín Gourmet,Museo de Antioquia,Literatura,2026-03-18,2,10229,15492,54933,25000,27.6,81.5,15091379,6.64,3,50116.0
MED-157,Altavoz Fest,Plaza Mayor,Moda,2025-07-02,3,10456,8844,5790,0,27.5,65.6,65033875,14.22,1,0.0
MED-158,Fiesta del Libro,Jardín Botánico,Gastronomía,2026-05-06,2,10504,6312,7284,0,24.4,52.9,39824782,25.45,5,0.0
MED-159,Concierto Filarmónica,Jardín Botánico,Música,2025-03-04,2,2294,6516,11657,25000,30.1,62.8,3614388,6.43,4,43055.0
MED-160,Comic Con,Estadio Atanasio Girardot,Literatura,2025-05-16,4,12509,2824,18782,450000,18.6,62.1,51577837,5.92,2,765700.0
MED-161,Festival de Poesía,Teatro Pablo Tobón,Moda,2025-03-02,3,1231,13981,8251,45000,19.5,75.0,44785238,1.01,3,67197.0
MED-162,Maridaje,Teatro Metropolitano,Literatura,2025-05-05,4,913,10707,86568,80000,18.7,88.8,38745679,6.05,3,245319.0
MED-163,Feria de las Flores,Plaza Mayor,Literatura,2025-08-05,3,11053,7773,23524,150000,22.8,93.9,47075963,1.22,3,294483.0
MED-164,Altavoz Fest,Jardín Botánico,Moda,2025-04-26,3,2914,1272,51475,45000,30.6,55.7,73333317,-9.85,4,141615.0
MED-165,Feria de las Flores,Estadio Atanasio Girardot,Artes Plásticas,2025-11-27,1,5852,2282,51571,25000,27.2,80.5,79855489,14.77,3,82734.0
MED-166,Maridaje,Museo de Antioquia,Gastronomía,2025-04-17,1,4863,6004,24832,0,21.6,52.8,22858528,9.82,3,0.0
MED-167,Festival de Jazz,Teatro Metropolitano,Moda,2025-05-23,2,9464,11404,58533,25000,29.0,54.7,3116411,8.31,2,40159.0
MED-168,Colombiamoda,Plaza Mayor,Moda,2025-04-20,6,14139,15639,78740,45000,19.0,93.0,39814390,12.8,2,67584.0
MED-169,Altavoz Fest,Teatro Pablo Tobón,Literatura,2025-08-24,3,12321,2502,61084,0,29.2,47.8,24349151,4.38,2,0.0
MED-170,Festival de Jazz,Estadio Atanasio Girardot,Artes Plásticas,2026-05-05,1,739,439,27794,80000,24.6,52.3,7275077,28.79,5,201146.0
MED-171,Fiesta del Libro,Jardín Botánico,Teatro,2025-12-17,1,14085,13260,55350,80000,21.8,77.2,38324810,29.43,3,187436.0
MED-172,Fiesta del Libro,Teatro Pablo Tobón,Música,2025-01-05,6,10382,11857,59054,45000,26.6,50.1,58486750,29.14,2,123139.0
MED-173,Altavoz Fest,Parque Explora,Música,2025-03-04,6,10099,11673,86553,0,30.7,89.0,73571532,6.95,1,0.0
MED-174,Festival de Jazz,Plaza Mayor,Gastronomía,2025-01-20,1,13291,4933,56447,45000,19.2,75.7,67469672,5.67,2,100023.0
MED-175,Feria de las Flores,Estadio Atanasio Girardot,Gastronomía,2026-01-14,4,13811,10455,51898,25000,21.2,70.8,3962395,1.95,1,55870.0
MED-176,Colombiamoda,Museo de Antioquia,Gastronomía,2026-05-13,2,2791,2388,56449,45000,29.3,65.7,12103863,4.34,3,89565.0
MED-177,Tangovía,Estadio Atanasio Girardot,Literatura,2025-09-28,6,10778,6528,80569,150000,29.2,76.5,18333044,1.07,5,478685.0
MED-178,Desfile de Silleteros,Parque Explora,Moda,2025-09-01,4,13892,6093,63584,80000,26.7,76.9,19829458,16.37,3,163925.0
MED-179,Desfile de Silleteros,Teatro Metropolitano,Literatura,2025-06-29,1,1185,14623,10007,80000,30.6,70.4,44275156,20.86,1,163570.0
MED-180,Medellín Gourmet,Teatro Pablo Tobón,Literatura,2025-03-30,6,9112,1186,50012,0,19.1,90.8,16484636,5.33,4,0.0
MED-181,Festival de Poesía,Parque de los Deseos,Gastronomía,2025-07-21,6,10605,1330,78293,45000,19.6,60.6,47550624,12.68,2,101396.0
MED-182,Feria de las Flores,Parque Explora,Literatura,2026-04-07,4,8358,13517,86567,25000,20.9,69.5,66125610,-8.18,3,39869.0
MED-183,Medellín Gourmet,Teatro Pablo Tobón,Moda,2026-02-15,1,10323,11161,63862,25000,18.5,61.9,73579071,-9.97,4,69176.0
MED-184,Desfile de Silleteros,Jardín Botánico,Gastronomía,2026-04-30,6,13626,11212,26295,80000,28.1,50.9,64181539,9.93,2,161132.0
MED-185,Festival de Jazz,Teatro Metropolitano,Artes Plásticas,2025-11-26,1,14836,12967,9729,45000,30.9,64.8,79238126,-3.36,1,127905.0
MED-186,Festival de Jazz,Parque de los Deseos,Música,2025-03-09,2,12185,14553,56764,80000,18.4,65.8,36636140,14.24,4,120584.0
MED-187,Maridaje,Jardín Botánico,Moda,2026-02-22,3,1068,11742,36189,25000,17.0,59.7,69449928,7.16,1,59923.0
MED-188,Concierto Filarmónica,Parque Explora,Música,2025-04-12,2,4743,6403,72075,450000,20.5,65.4,52436860,13.42,1,1075142.0
MED-189,Concierto Filarmónica,Estadio Atanasio Girardot,Música,2025-12-26,2,9697,2997,74894,450000,30.9,57.0,36859736,1.75,1,1434654.0
MED-190,Festival de Poesía,Museo de Antioquia,Música,2025-11-05,6,9992,6498,13526,0,26.1,68.8,8733680,28.36,2,0.0
MED-191,Colombiamoda,Plaza Mayor,Gastronomía,2025-06-04,3,5525,14874,74839,0,28.9,49.7,25707257,-5.65,4,0.0
MED-192,Fiesta del Libro,Plaza Mayor,Literatura,2025-04-02,1,4189,13474,67621,0,19.9,77.5,55670970,20.17,2,0.0
MED-193,Maridaje,Plaza Mayor,Música,2025-06-07,4,14536,10275,88772,0,18.5,64.3,65668281,-7.63,4,0.0
MED-194,Festival de Jazz,Plaza Mayor,Literatura,2026-01-20,3,1340,5609,37062,0,17.3,50.8,17096766,-7.22,1,0.0
MED-195,Festival de Poesía,Museo de Antioquia,Moda,2025-08-09,5,13042,8916,4592,150000,30.4,78.7,76679459,20.26,2,476871.0
MED-196,Festival de Jazz,Teatro Metropolitano,Artes Plásticas,2025-05-27,3,4996,3905,81538,80000,23.8,48.4,57852748,23.5,1,108377.0
MED-197,Concierto Filarmónica,Museo de Antioquia,Teatro,2025-08-05,1,3031,5924,78761,45000,17.9,54.2,76395478,-7.54,3,67345.0
MED-198,Colombiamoda,Plaza Mayor,Moda,2026-02-25,5,3721,14775,28140,25000,19.8,51.4,36781007,19.65,4,51365.0
MED-199,Tangovía,Teatro Metropolitano,Teatro,2025-08-12,5,8057,15297,98200,0,20.0,54.0,13880338,-0.04,1,0.0
MED-200,Altavoz Fest,Jardín Botánico,Música,2025-10-12,6,10359,12285,62206,80000,17.4,58.1,59129244,6.51,5,106889.0
MED-201,Comic Con,Museo de Antioquia,Literatura,2025-08-10,4,3872,10079,74691,0,20.7,51.3,71555171,1.57,4,0.0
MED-202,Desfile de Silleteros,Parque Explora,Gastronomía,2025-04-13,5,3630,15131,91011,450000,28.5,83.7,52142664,19.04,4,700086.0
MED-203,Festival de Poesía,Jardín Botánico,Artes Plásticas,2025-02-15,1,10628,1021,61858,0,17.4,49.7,59631241,5.54,5,0.0
MED-204,Festival de Poesía,Museo de Antioquia,Artes Plásticas,2025-07-23,1,6365,2953,38438,450000,19.6,93.5,5547383,2.79,3,1144755.0
MED-205,Festival de Jazz,Plaza Mayor,Música,2025-07-12,3,10680,7789,80571,450000,17.5,69.1,32567063,-4.75,1,738585.0
MED-206,Tangovía,Teatro Metropolitano,Música,2026-03-11,3,9377,13312,49692,0,29.6,63.5,7979929,16.43,3,0.0
MED-207,Colombiamoda,Museo de Antioquia,Música,2025-07-08,2,12510,1270,21574,45000,28.8,88.6,64569035,9.78,3,131034.0
MED-208,Comic Con,Estadio Atanasio Girardot,Artes Plásticas,2026-03-24,1,7385,844,18345,450000,19.7,61.7,39723489,20.92,2,746073.0
MED-209,Comic Con,Plaza Mayor,Teatro,2025-04-21,4,9376,11714,40334,25000,28.2,72.6,71029156,16.86,4,80480.0
MED-210,Festival de Poesía,Teatro Metropolitano,Gastronomía,2025-11-08,1,5324,5962,47442,80000,29.2,71.6,13458542,-5.96,2,115269.0
MED-211,Colombiamoda,Parque de los Deseos,Literatura,2025-10-06,1,14094,2445,96758,150000,25.4,85.8,67618731,27.12,3,346114.0
MED-212,Fiesta del Libro,Teatro Metropolitano,Teatro,2026-01-14,2,1674,8882,84621,0,25.4,57.9,47826621,18.81,3,0.0
MED-213,Comic Con,Estadio Atanasio Girardot,Literatura,2025-11-02,6,6941,13838,82324,0,24.4,90.7,14361851,-9.4,5,0.0
MED-214,Feria de las Flores,Jardín Botánico,Música,2025-10-21,1,8694,12747,1874,0,20.1,51.9,7456103,-4.93,2,0.0
MED-215,Altavoz Fest,Parque de los Deseos,Teatro,2026-01-29,2,5448,6569,6394,80000,18.2,61.1,4890911,6.91,4,194750.0
MED-216,Comic Con,Teatro Pablo Tobón,Música,2025-12-27,2,14745,5849,33750,25000,23.3,73.6,49877186,17.81,3,46393.0
MED-217,Altavoz Fest,Teatro Metropolitano,Gastronomía,2026-05-06,3,4827,12192,58991,80000,22.9,67.8,39655803,29.72,1,224262.0
MED-218,Feria de las Flores,Museo de Antioquia,Moda,2025-09-08,1,2412,9558,15446,0,23.2,67.9,57254480,18.27,5,0.0
MED-219,Medellín Gourmet,Teatro Pablo Tobón,Literatura,2025-05-15,2,4501,5043,72740,80000,18.1,47.8,45760537,29.07,5,166676.0
MED-220,Desfile de Silleteros,Plaza Mayor,Artes Plásticas,2026-01-31,1,7661,7087,41231,25000,20.9,72.0,76421527,21.03,4,77524.0
MED-221,Medellín Gourmet,Museo de Antioquia,Moda,2025-06-12,3,5072,372,85013,25000,19.9,65.0,56221360,-9.08,2,73460.0
MED-222,Feria de las Flores,Plaza Mayor,Gastronomía,2026-05-16,2,4450,5349,97762,45000,29.4,85.0,46883018,0.01,1,59234.0
MED-223,Feria de las Flores,Plaza Mayor,Música,2026-01-01,1,14859,5715,72363,450000,27.5,75.7,75285047,14.95,3,1087394.0
MED-224,Colombiamoda,Plaza Mayor,Música,2025-05-03,3,11876,1578,4447,45000,26.4,82.8,43132488,29.37,3,74112.0
MED-225,Maridaje,Parque Explora,Artes Plásticas,2026-01-10,6,8428,15978,65646,150000,20.3,68.5,54465959,-1.8,4,345502.0
MED-226,Medellín Gourmet,Teatro Pablo Tobón,Gastronomía,2026-03-31,1,289,13453,72622,150000,19.3,71.4,13029498,17.66,4,390045.0
MED-227,Desfile de Silleteros,Parque Explora,Gastronomía,2026-02-18,1,5561,10376,21542,45000,22.1,62.7,77724741,8.24,1,116844.0
MED-228,Tangovía,Teatro Metropolitano,Literatura,2026-01-15,3,9639,8421,54411,150000,27.3,87.9,48357056,9.13,2,210681.0
MED-229,Maridaje,Parque de los Deseos,Literatura,2026-03-13,5,4475,3695,79858,0,24.9,89.2,69080604,5.56,4,0.0
MED-230,Medellín Gourmet,Teatro Pablo Tobón,Música,2026-02-06,2,10035,885,45780,45000,24.7,81.0,28658843,12.75,3,129716.0
MED-231,Altavoz Fest,Estadio Atanasio Girardot,Moda,2025-06-19,5,8315,339,47492,45000,27.1,55.7,35570607,26.88,4,112787.0
MED-232,Maridaje,Jardín Botánico,Literatura,2025-10-09,6,840,13889,5192,25000,17.9,61.1,72141040,23.64,2,66289.0
MED-233,Maridaje,Museo de Antioquia,Gastronomía,2025-02-15,3,12104,10337,40302,150000,19.6,74.0,16185856,24.22,2,202005.0
MED-234,Festival de Jazz,Estadio Atanasio Girardot,Música,2026-03-15,1,6301,642,28793,450000,25.6,82.7,28541537,22.52,1,725735.0
MED-235,Festival de Jazz,Estadio Atanasio Girardot,Música,2025-04-10,5,6150,7473,78816,25000,23.4,78.4,20992626,-7.72,1,64168.0
MED-236,Festival de Poesía,Parque de los Deseos,Teatro,2026-01-14,2,6086,1168,65440,450000,24.6,76.3,63975316,11.93,2,751816.0
MED-237,Festival de Poesía,Parque Explora,Literatura,2025-05-18,3,8651,5163,33536,0,17.2,70.5,72086680,9.01,2,0.0
MED-238,Festival de Jazz,Estadio Atanasio Girardot,Literatura,2025-04-06,1,14028,13544,39460,25000,23.8,73.7,45899838,19.08,5,66137.0
MED-239,Colombiamoda,Teatro Metropolitano,Música,2025-02-10,5,5896,6356,2400,0,24.2,77.0,28756457,-9.83,5,0.0
MED-240,Fiesta del Libro,Museo de Antioquia,Literatura,2025-08-24,1,7265,5402,20020,25000,26.5,49.8,75909015,29.96,3,43556.0
MED-241,Comic Con,Parque Explora,Literatura,2025-04-01,5,12374,14276,46368,150000,25.5,64.3,17359509,9.92,5,446186.0
MED-242,Festival de Jazz,Plaza Mayor,Música,2025-04-23,2,13335,6027,22402,0,20.3,85.5,24362719,1.7,5,0.0
MED-243,Medellín Gourmet,Plaza Mayor,Literatura,2026-01-05,2,12775,15830,13559,0,28.2,88.9,56458463,-1.33,5,0.0
MED-244,Maridaje,Parque de los Deseos,Literatura,2026-02-01,5,2356,5426,75093,450000,25.1,92.4,34322954,24.15,5,761953.0
MED-245,Festival de Jazz,Estadio Atanasio Girardot,Artes Plásticas,2025-04-26,4,12471,7414,56040,450000,25.3,62.6,38269247,16.45,3,927721.0
MED-246,Fiesta del Libro,Parque Explora,Teatro,2026-04-22,6,5473,12599,6632,450000,21.8,67.4,63216122,19.82,1,1023665.0
MED-247,Desfile de Silleteros,Parque Explora,Música,2025-06-08,6,3069,2975,63154,25000,21.7,48.4,56519682,28.83,1,57130.0
MED-248,Concierto Filarmónica,Parque Explora,Música,2025-11-15,1,8836,11551,57676,80000,28.1,89.8,74167427,17.59,5,172198.0
MED-249,Altavoz Fest,Parque Explora,Literatura,2025-07-28,2,4560,2827,32590,45000,18.0,90.3,53723378,0.75,5,120689.0
MED-250,Colombiamoda,Jardín Botánico,Gastronomía,2025-08-27,3,5394,3417,70614,450000,30.6,53.3,4720344,12.32,2,1278568.0
MED-251,Comic Con,Jardín Botánico,Literatura,2026-03-07,2,12757,13935,55934,45000,21.0,54.8,38428723,-7.32,5,65901.0
MED-252,Feria de las Flores,Teatro Metropolitano,Teatro,2025-08-21,6,7226,4431,41656,0,19.7,48.3,10065810,23.45,2,0.0
MED-253,Fiesta del Libro,Teatro Metropolitano,Música,2025-01-22,1,1342,8595,28744,450000,26.6,63.6,17535675,15.63,2,593665.0
MED-254,Desfile de Silleteros,Parque Explora,Artes Plásticas,2026-04-30,6,8632,8836,46138,150000,27.5,93.8,36660452,19.03,3,313365.0
MED-255,Festival de Poesía,Parque Explora,Teatro,2025-05-21,2,13269,8611,15023,0,28.8,47.5,70688163,13.87,5,0.0
MED-256,Feria de las Flores,Teatro Metropolitano,Moda,2026-03-14,2,7006,15394,91197,150000,21.6,91.2,57158608,22.04,3,243721.0
MED-257,Desfile de Silleteros,Plaza Mayor,Moda,2026-05-08,2,11653,3833,78401,80000,23.0,88.8,13439774,28.77,5,230996.0
MED-258,Colombiamoda,Parque Explora,Gastronomía,2026-01-04,2,3612,839,6584,150000,28.4,60.4,26368559,2.56,5,265617.0
MED-259,Feria de las Flores,Museo de Antioquia,Literatura,2026-03-30,6,4387,15375,38422,45000,22.5,92.7,38693283,26.58,2,83266.0
MED-260,Maridaje,Parque Explora,Música,2026-02-26,5,574,12420,62253,450000,28.5,73.5,10563658,6.23,3,891708.0
MED-261,Desfile de Silleteros,Parque Explora,Artes Plásticas,2025-05-29,6,10667,2835,6726,25000,25.4,70.7,50869083,14.68,3,77240.0
MED-262,Fiesta del Libro,Jardín Botánico,Gastronomía,2025-12-22,6,5739,2494,69723,80000,31.0,71.8,64418109,25.44,5,221996.0
MED-263,Maridaje,Parque Explora,Música,2025-02-16,4,6636,6603,59416,0,19.3,83.2,38302625,-5.95,1,0.0
MED-264,Concierto Filarmónica,Parque Explora,Gastronomía,2025-11-19,2,1433,11809,54119,80000,29.2,90.9,34672542,11.43,3,238281.0
MED-265,Desfile de Silleteros,Parque de los Deseos,Moda,2025-01-24,4,3646,5669,11813,80000,21.7,78.9,72097302,16.84,4,104384.0
MED-266,Feria de las Flores,Museo de Antioquia,Moda,2025-05-22,5,6182,4243,95482,0,17.6,48.1,6248640,0.95,3,0.0
MED-267,Festival de Poesía,Jardín Botánico,Artes Plásticas,2026-03-03,4,8207,10096,31297,25000,21.6,72.1,30534805,-3.31,2,31521.0
MED-268,Desfile de Silleteros,Teatro Metropolitano,Artes Plásticas,2026-04-01,4,13075,13231,63517,25000,24.4,50.3,26220230,19.57,3,37560.0
MED-269,Colombiamoda,Estadio Atanasio Girardot,Literatura,2026-02-03,4,6025,595,44685,45000,22.8,74.7,68396954,-0.45,5,68108.0
MED-270,Fiesta del Libro,Plaza Mayor,Música,2025-08-26,1,476,8560,6307,150000,23.4,62.4,9374074,8.0,2,448070.0
MED-271,Colombiamoda,Teatro Pablo Tobón,Teatro,2025-06-22,3,6820,9690,33624,450000,27.8,66.9,56998880,-7.23,2,589133.0
MED-272,Festival de Poesía,Museo de Antioquia,Gastronomía,2025-12-23,6,9695,8604,78858,80000,25.9,79.1,69207565,7.59,3,253362.0
MED-273,Festival de Poesía,Parque de los Deseos,Artes Plásticas,2026-02-19,1,11581,2854,88109,450000,22.7,60.0,32581934,16.19,2,1492296.0
MED-274,Desfile de Silleteros,Parque Explora,Música,2025-02-04,3,4796,3652,75865,45000,24.9,60.5,37666257,15.09,4,138386.0
MED-275,Festival de Poesía,Plaza Mayor,Literatura,2026-01-25,3,2683,3914,64456,450000,19.1,85.0,17266080,23.24,2,556172.0
MED-276,Comic Con,Parque Explora,Teatro,2025-07-18,2,6889,8284,91359,80000,24.2,84.3,6799687,7.93,1,142176.0
MED-277,Tangovía,Jardín Botánico,Música,2026-04-01,3,10725,13206,77956,450000,20.0,64.1,33641111,9.26,5,1000200.0
MED-278,Comic Con,Museo de Antioquia,Moda,2025-09-26,4,6420,4432,14411,450000,29.9,72.7,25308394,8.32,3,1277257.0
MED-279,Colombiamoda,Jardín Botánico,Moda,2025-09-19,5,10670,3473,52542,450000,17.3,67.8,68972713,1.15,4,1031571.0
MED-280,Comic Con,Jardín Botánico,Artes Plásticas,2025-08-09,6,10280,57,22576,80000,29.8,84.7,13151443,-6.85,4,190805.0
MED-281,Altavoz Fest,Teatro Pablo Tobón,Artes Plásticas,2026-01-17,3,8959,13041,87063,150000,22.4,76.4,21639385,6.3,5,481807.0
MED-282,Comic Con,Plaza Mayor,Literatura,2025-06-10,3,10879,5628,18138,150000,20.2,73.6,65744484,19.24,3,458426.0
MED-283,Tangovía,Teatro Metropolitano,Moda,2025-08-03,6,2076,13895,51544,45000,25.4,88.6,24012805,27.25,2,141559.0
MED-284,Festival de Poesía,Plaza Mayor,Moda,2025-02-16,2,10693,13324,92362,450000,23.1,57.5,37047090,12.95,3,687756.0
MED-285,Medellín Gourmet,Jardín Botánico,Artes Plásticas,2025-03-03,3,5130,9752,24136,0,30.4,88.0,33345780,7.7,5,0.0
MED-286,Festival de Poesía,Parque Explora,Gastronomía,2025-12-24,2,10857,11810,38166,80000,18.3,47.8,24889696,9.67,1,203979.0
MED-287,Tangovía,Estadio Atanasio Girardot,Teatro,2025-12-18,4,3525,12878,74801,150000,22.2,56.0,71718175,-9.24,3,252219.0
MED-288,Maridaje,Teatro Pablo Tobón,Moda,2025-05-24,4,4132,98,24418,45000,21.4,51.0,54698806,29.66,5,62544.0
MED-289,Maridaje,Parque de los Deseos,Moda,2025-03-03,3,1320,11414,15547,80000,25.7,50.8,73195343,5.9,5,109135.0
MED-290,Comic Con,Parque de los Deseos,Gastronomía,2025-12-28,1,7738,7008,87240,45000,17.3,51.5,58271153,10.83,1,94966.0
MED-291,Tangovía,Estadio Atanasio Girardot,Moda,2025-01-29,6,10127,1923,59054,25000,19.1,68.2,64929484,14.0,5,31070.0
MED-292,Maridaje,Parque Explora,Literatura,2025-09-25,6,1436,14957,85068,25000,24.1,83.1,6750720,9.14,1,41155.0
MED-293,Festival de Poesía,Estadio Atanasio Girardot,Artes Plásticas,2026-03-20,2,4579,10160,4058,0,29.1,80.6,33578515,29.75,5,0.0
MED-294,Medellín Gourmet,Estadio Atanasio Girardot,Música,2025-03-08,5,3733,2133,59741,450000,28.5,84.3,54003565,-0.58,1,552694.0
MED-295,Colombiamoda,Museo de Antioquia,Moda,2025-05-07,6,11459,2390,72876,0,22.4,74.1,37491471,27.1,4,0.0
MED-296,Maridaje,Estadio Atanasio Girardot,Moda,2026-05-01,4,563,13320,66724,80000,29.9,72.8,19516702,-8.54,2,261078.0
MED-297,Maridaje,Plaza Mayor,Artes Plásticas,2025-06-16,3,8158,7278,95978,80000,21.2,83.8,66279667,18.85,4,161413.0
MED-298,Altavoz Fest,Parque Explora,Moda,2026-02-19,3,4586,6106,65386,25000,25.8,79.2,6971361,-1.87,4,53344.0
MED-299,Colombiamoda,Parque de los Deseos,Literatura,2025-10-23,6,7640,5375,39487,450000,27.4,73.2,51170823,-0.51,1,987649.0
MED-300,Colombiamoda,Parque de los Deseos,Artes Plásticas,2026-04-13,6,7491,3873,44815,45000,17.0,79.7,67698912,0.15,1,106609.0
MED-301,Tangovía,Museo de Antioquia,Literatura,2025-06-12,4,7366,14361,97575,80000,26.1,78.3,44306792,22.17,4,163086.0
MED-302,Altavoz Fest,Plaza Mayor,Teatro,2026-05-01,4,6422,5448,35051,45000,27.2,64.8,45528063,14.04,2,130061.0
MED-303,Fiesta del Libro,Estadio Atanasio Girardot,Artes Plásticas,2025-04-26,4,3286,5151,75603,45000,29.3,82.2,38882578,0.1,5,60093.0
MED-304,Fiesta del Libro,Teatro Metropolitano,Gastronomía,2025-05-16,1,11136,9214,88806,450000,27.7,72.0,4653430,-7.23,3,935291.0
MED-305,Feria de las Flores,Museo de Antioquia,Teatro,2025-11-11,3,14656,13733,17726,0,17.5,70.9,73571327,9.92,2,0.0
MED-306,Altavoz Fest,Museo de Antioquia,Teatro,2025-12-11,6,12918,3955,72180,150000,29.1,68.5,13747122,9.03,3,331473.0
MED-307,Maridaje,Teatro Pablo Tobón,Moda,2025-05-19,4,9199,13060,87132,0,27.1,72.5,47386643,13.31,4,0.0
MED-308,Desfile de Silleteros,Estadio Atanasio Girardot,Literatura,2025-01-07,1,8606,4366,98071,0,27.5,92.0,2368386,2.13,3,0.0
MED-309,Medellín Gourmet,Estadio Atanasio Girardot,Gastronomía,2025-12-14,2,10643,4692,82761,150000,26.8,79.8,68560864,21.84,5,189889.0
MED-310,Comic Con,Teatro Pablo Tobón,Artes Plásticas,2025-05-26,5,6722,8212,34854,25000,21.3,78.1,32674076,8.64,2,56317.0
MED-311,Colombiamoda,Teatro Pablo Tobón,Moda,2026-04-12,2,10799,4454,91575,0,28.9,82.0,25408886,23.83,2,0.0
MED-312,Desfile de Silleteros,Plaza Mayor,Artes Plásticas,2025-03-29,4,9390,5098,42756,25000,24.9,81.5,78339224,-7.03,3,72011.0
MED-313,Festival de Poesía,Parque Explora,Artes Plásticas,2025-10-17,6,1284,10884,17229,45000,19.1,58.0,21338088,8.61,3,80027.0
MED-314,Feria de las Flores,Teatro Pablo Tobón,Artes Plásticas,2026-04-22,1,8908,5783,17933,45000,25.9,61.2,32960608,4.56,3,109131.0
MED-315,Medellín Gourmet,Parque Explora,Música,2025-05-21,6,281,1356,22071,45000,18.3,82.4,79493143,10.9,3,157233.0
MED-316,Festival de Poesía,Estadio Atanasio Girardot,Moda,2026-02-02,3,5151,9898,85164,150000,19.4,47.5,18591165,14.97,4,248273.0
MED-317,Medellín Gourmet,Parque de los Deseos,Gastronomía,2025-09-04,3,12242,15777,45403,25000,25.8,56.9,17546220,1.06,2,64462.0
MED-318,Colombiamoda,Estadio Atanasio Girardot,Música,2025-05-23,1,13135,14814,3824,45000,19.4,91.6,29288233,0.84,1,113393.0
MED-319,Desfile de Silleteros,Parque de los Deseos,Gastronomía,2025-08-24,3,14174,9300,82930,25000,21.6,74.8,11492901,28.25,4,82865.0
MED-320,Festival de Jazz,Jardín Botánico,Moda,2025-09-23,5,11505,5285,34183,150000,25.7,64.2,69096708,-4.39,2,440428.0
MED-321,Colombiamoda,Parque Explora,Moda,2026-01-20,4,4550,14798,30915,80000,28.9,50.3,7324964,18.34,2,119953.0
MED-322,Fiesta del Libro,Teatro Metropolitano,Artes Plásticas,2026-01-03,3,1329,15383,98942,45000,22.4,57.9,8475666,11.52,4,91394.0
MED-323,Altavoz Fest,Teatro Metropolitano,Teatro,2026-01-15,4,8613,13236,43410,0,18.6,60.1,49759855,19.92,3,0.0
MED-324,Festival de Jazz,Plaza Mayor,Artes Plásticas,2025-02-08,1,7161,12002,11559,80000,17.8,93.8,67036854,-1.56,3,214278.0
MED-325,Concierto Filarmónica,Parque de los Deseos,Teatro,2026-01-28,5,13636,14358,76100,80000,27.0,90.9,37348776,-6.7,5,270463.0
MED-326,Tangovía,Jardín Botánico,Teatro,2025-10-09,4,1206,5958,57961,80000,23.4,72.5,67102316,-4.96,2,263418.0
MED-327,Colombiamoda,Museo de Antioquia,Música,2025-03-07,1,14967,10220,55901,25000,27.8,71.3,15931462,8.03,4,35495.0
MED-328,Festival de Jazz,Museo de Antioquia,Teatro,2025-05-17,3,13652,10450,6232,150000,26.1,51.9,79215907,28.76,1,501228.0
MED-329,Concierto Filarmónica,Teatro Metropolitano,Artes Plásticas,2026-02-16,4,3876,3166,36028,45000,26.5,65.3,58580341,2.2,2,56782.0
MED-330,Fiesta del Libro,Plaza Mayor,Literatura,2025-05-17,3,10770,12105,26235,45000,23.0,81.9,57995683,14.01,5,102457.0
MED-331,Festival de Jazz,Museo de Antioquia,Teatro,2025-07-23,6,10770,10023,38086,0,26.7,48.8,75738980,-5.17,2,0.0
MED-332,Tangovía,Parque Explora,Literatura,2025-01-05,2,4242,14048,27721,45000,29.2,53.6,28618950,8.54,2,87645.0
MED-333,Festival de Jazz,Teatro Pablo Tobón,Moda,2025-04-02,2,851,2767,73094,0,26.2,72.0,17894541,10.68,3,0.0
MED-334,Tangovía,Parque Explora,Literatura,2025-07-20,2,13737,9825,12156,45000,29.4,74.8,37866971,10.25,5,71885.0
MED-335,Desfile de Silleteros,Estadio Atanasio Girardot,Moda,2026-05-09,5,7080,14749,58562,450000,23.9,88.4,75814944,18.87,2,942566.0
MED-336,Colombiamoda,Plaza Mayor,Literatura,2025-02-17,4,10168,15550,20955,25000,28.2,58.1,48383340,0.57,5,38620.0
MED-337,Festival de Poesía,Museo de Antioquia,Teatro,2025-11-13,6,10497,15571,11484,150000,17.4,94.8,2513451,-1.57,3,280373.0
MED-338,Altavoz Fest,Parque de los Deseos,Música,2025-07-09,5,5244,8898,53639,0,30.5,72.2,30189155,6.53,1,0.0
MED-339,Tangovía,Jardín Botánico,Artes Plásticas,2025-07-26,2,7034,1471,71867,45000,20.3,63.2,36162257,26.95,3,131294.0
MED-340,Altavoz Fest,Plaza Mayor,Literatura,2026-01-22,4,3830,7651,25718,150000,18.2,46.4,25480492,13.94,2,502004.0
MED-341,Comic Con,Teatro Metropolitano,Teatro,2025-10-14,5,1815,793,79084,80000,17.0,48.9,30955802,24.79,3,169975.0
MED-342,Festival de Poesía,Teatro Pablo Tobón,Literatura,2025-12-20,4,4531,12475,82185,45000,26.3,76.5,5425665,0.55,5,80167.0
MED-343,Altavoz Fest,Museo de Antioquia,Moda,2025-01-04,4,3186,12194,44909,450000,26.8,86.7,40236546,16.1,2,751266.0
MED-344,Desfile de Silleteros,Museo de Antioquia,Artes Plásticas,2026-01-14,1,13540,3224,50994,450000,30.2,65.0,4517651,-9.72,5,573847.0
MED-345,Feria de las Flores,Plaza Mayor,Moda,2025-10-14,1,9657,11702,67964,0,25.2,77.1,45274220,28.04,4,0.0
MED-346,Medellín Gourmet,Teatro Pablo Tobón,Literatura,2025-01-01,5,11337,6715,13672,0,22.1,69.6,42603606,6.52,3,0.0
MED-347,Concierto Filarmónica,Teatro Metropolitano,Artes Plásticas,2025-02-05,5,14118,1544,98989,25000,21.6,62.8,10832345,28.14,4,61840.0
MED-348,Festival de Poesía,Teatro Metropolitano,Música,2025-01-29,4,13554,10408,93116,450000,19.1,89.4,73139018,18.1,3,1038364.0
MED-349,Desfile de Silleteros,Jardín Botánico,Artes Plásticas,2026-03-29,3,6018,3173,57576,45000,29.4,47.7,62565320,26.88,2,111386.0
MED-350,Desfile de Silleteros,Teatro Pablo Tobón,Literatura,2025-01-09,3,4619,11362,23736,450000,22.0,66.0,32384249,10.19,5,581281.0
MED-351,Altavoz Fest,Jardín Botánico,Teatro,2026-01-02,3,12062,9155,10669,0,17.8,68.6,50202840,19.3,5,0.0
MED-352,Colombiamoda,Teatro Pablo Tobón,Artes Plásticas,2025-01-22,4,6705,7310,2584,80000,19.4,93.8,24665195,-9.93,3,185260.0
MED-353,Medellín Gourmet,Museo de Antioquia,Artes Plásticas,2025-11-17,5,12547,3517,34793,45000,23.2,89.6,74295623,-9.07,2,107536.0
MED-354,Tangovía,Teatro Pablo Tobón,Literatura,2025-06-10,3,1913,232,66884,0,22.7,68.4,41525958,0.97,5,0.0
MED-355,Festival de Jazz,Parque de los Deseos,Música,2025-11-21,1,8474,10775,15283,25000,24.5,60.0,58559866,-9.26,5,55375.0
MED-356,Altavoz Fest,Museo de Antioquia,Artes Plásticas,2025-03-09,2,1091,4085,7834,25000,24.9,49.8,30131517,29.09,4,53736.0
MED-357,Tangovía,Museo de Antioquia,Literatura,2025-01-10,4,12051,7384,31411,150000,23.6,55.9,12788977,10.21,2,184269.0
MED-358,Medellín Gourmet,Jardín Botánico,Literatura,2025-01-11,2,7414,6019,43117,450000,27.1,47.8,24718624,10.8,2,1138205.0
MED-359,Festival de Poesía,Parque Explora,Música,2025-09-08,1,12602,2395,24833,0,23.4,68.0,11606144,-2.04,5,0.0
MED-360,Tangovía,Plaza Mayor,Moda,2025-01-27,3,5832,14155,37788,150000,28.6,47.6,21694888,19.14,2,443886.0
MED-361,Tangovía,Parque Explora,Música,2026-01-29,4,6363,14994,63215,450000,21.0,81.5,62483959,9.38,4,1222944.0
MED-362,Altavoz Fest,Jardín Botánico,Teatro,2025-01-10,5,7280,6818,67766,45000,23.3,47.9,66705665,8.91,4,104905.0
MED-363,Feria de las Flores,Teatro Pablo Tobón,Artes Plásticas,2025-10-31,2,8807,8414,59517,80000,17.2,81.7,25660139,1.32,2,142535.0
MED-364,Comic Con,Parque de los Deseos,Moda,2026-04-29,2,1951,167,48514,450000,22.7,78.9,59136928,24.37,1,1557508.0
MED-365,Tangovía,Teatro Pablo Tobón,Moda,2025-02-25,4,8225,5225,26991,450000,23.3,61.6,25516123,6.61,2,742712.0
MED-366,Comic Con,Parque Explora,Música,2025-08-16,4,2482,8144,5383,150000,22.4,79.3,66769944,-4.72,2,466511.0
MED-367,Feria de las Flores,Teatro Metropolitano,Música,2026-01-29,6,11403,8598,4828,0,19.1,68.9,8298947,-3.12,5,0.0
MED-368,Feria de las Flores,Jardín Botánico,Artes Plásticas,2025-01-27,1,4676,12532,46640,25000,22.9,93.0,14449189,-1.08,2,84846.0
MED-369,Altavoz Fest,Jardín Botánico,Literatura,2025-04-12,4,11524,6719,6252,80000,21.9,53.0,13436379,-5.55,1,139626.0
MED-370,Fiesta del Libro,Teatro Pablo Tobón,Artes Plásticas,2026-01-21,3,6454,907,24384,25000,29.5,69.8,67892521,0.69,1,70575.0
MED-371,Feria de las Flores,Teatro Pablo Tobón,Literatura,2026-02-16,4,6646,5423,92462,45000,28.5,66.3,65717193,6.5,2,107971.0
MED-372,Tangovía,Plaza Mayor,Artes Plásticas,2025-11-01,5,4950,12076,80571,45000,25.3,75.4,39036595,3.14,5,132426.0
MED-373,Altavoz Fest,Parque Explora,Teatro,2025-03-21,5,1372,12429,64857,45000,19.9,89.8,35905312,-9.24,5,86407.0
MED-374,Altavoz Fest,Teatro Metropolitano,Artes Plásticas,2025-09-10,4,2893,1910,82759,80000,25.2,58.2,59008428,19.25,4,99745.0
MED-375,Desfile de Silleteros,Museo de Antioquia,Música,2025-04-13,3,14298,11231,96279,25000,17.7,48.2,51552224,-5.78,5,84711.0
MED-376,Colombiamoda,Estadio Atanasio Girardot,Gastronomía,2026-05-12,1,2502,13228,59985,450000,29.8,72.7,15632585,1.32,1,1033849.0
MED-377,Festival de Jazz,Plaza Mayor,Gastronomía,2025-04-23,4,14787,10628,49248,80000,20.6,79.7,24721635,9.86,3,122184.0
MED-378,Medellín Gourmet,Museo de Antioquia,Música,2025-01-20,6,308,9135,59677,150000,28.5,75.2,26691410,11.25,3,381289.0
MED-379,Medellín Gourmet,Estadio Atanasio Girardot,Música,2025-07-11,3,3138,3617,40770,45000,23.6,79.3,23169580,22.89,4,157376.0
MED-380,Maridaje,Parque de los Deseos,Gastronomía,2025-08-20,5,8292,12746,66908,450000,20.4,48.2,52298215,5.17,5,728533.0
MED-381,Festival de Jazz,Estadio Atanasio Girardot,Gastronomía,2025-01-17,1,13789,12321,70304,450000,22.9,69.0,67722160,-9.7,3,1377029.0
MED-382,Desfile de Silleteros,Plaza Mayor,Música,2025-04-13,4,4496,14156,63980,450000,31.0,57.9,9823637,23.77,1,1297737.0
MED-383,Desfile de Silleteros,Parque de los Deseos,Teatro,2025-01-19,5,9076,10887,71622,80000,28.2,75.9,72577718,6.03,3,114054.0
MED-384,Concierto Filarmónica,Jardín Botánico,Artes Plásticas,2025-06-09,5,5620,7805,11309,25000,28.7,92.7,13426904,-1.07,2,30498.0
MED-385,Festival de Jazz,Museo de Antioquia,Moda,2025-09-26,2,2202,6701,5243,0,24.1,61.4,64056557,16.39,1,0.0
MED-386,Feria de las Flores,Estadio Atanasio Girardot,Moda,2025-09-15,1,11062,1918,91230,25000,20.3,58.4,32240979,15.21,1,68926.0
MED-387,Comic Con,Parque Explora,Literatura,2025-09-02,6,5541,2431,10177,0,21.5,48.4,53947849,25.48,2,0.0
MED-388,Medellín Gourmet,Museo de Antioquia,Música,2025-08-18,2,13565,5646,2177,45000,28.1,57.8,25579019,8.21,4,63352.0
MED-389,Festival de Jazz,Estadio Atanasio Girardot,Teatro,2025-12-22,5,9160,3956,66655,0,30.4,87.3,14499302,12.02,4,0.0
MED-390,Fiesta del Libro,Teatro Pablo Tobón,Moda,2025-09-28,4,462,9572,13598,80000,26.8,86.0,69178429,-3.23,5,219298.0
MED-391,Festival de Jazz,Museo de Antioquia,Moda,2025-12-22,2,13348,13265,6291,450000,28.9,51.3,36643881,-9.17,3,857934.0
MED-392,Maridaje,Parque de los Deseos,Moda,2026-01-29,2,2674,9184,18126,0,24.9,66.8,15342709,14.42,5,0.0
MED-393,Comic Con,Museo de Antioquia,Teatro,2025-02-19,1,11152,13307,26659,80000,19.4,81.9,47829066,22.54,4,160800.0
MED-394,Desfile de Silleteros,Jardín Botánico,Moda,2026-04-04,5,6116,15415,17999,80000,24.7,82.0,45298597,29.53,2,167358.0
MED-395,Altavoz Fest,Museo de Antioquia,Música,2025-08-04,6,14693,11693,4642,80000,25.4,93.3,36784492,22.36,5,139355.0
MED-396,Desfile de Silleteros,Estadio Atanasio Girardot,Artes Plásticas,2026-05-10,5,10344,3075,80680,45000,18.9,75.1,71187087,6.74,2,132367.0
MED-397,Medellín Gourmet,Parque de los Deseos,Gastronomía,2025-12-30,4,7732,13113,95390,0,24.1,73.1,59551994,18.75,4,0.0
MED-398,Colombiamoda,Jardín Botánico,Música,2025-07-24,4,12604,5667,27407,45000,21.3,70.6,5464973,10.92,1,67661.0
MED-399,Desfile de Silleteros,Museo de Antioquia,Literatura,2026-03-14,5,10176,7801,8341,450000,29.6,70.6,73881572,-2.58,1,1103568.0
MED-400,Tangovía,Parque Explora,Gastronomía,2025-02-09,3,13270,5391,56919,25000,30.0,89.8,5941226,1.49,1,34147.0
MED-401,Comic Con,Teatro Metropolitano,Música,2026-04-05,2,11186,11373,49612,80000,30.3,62.5,22082715,19.27,1,247412.0
MED-402,Tangovía,Estadio Atanasio Girardot,Teatro,2025-02-23,6,7374,3925,35590,45000,25.5,58.3,25457421,-5.19,4,125811.0
MED-403,Medellín Gourmet,Plaza Mayor,Música,2025-06-06,6,8859,7490,65946,0,28.0,47.4,23689590,14.02,1,0.0
MED-404,Feria de las Flores,Teatro Metropolitano,Música,2025-07-25,5,1141,635,65948,450000,30.1,60.9,28353425,10.16,3,1223675.0
MED-405,Concierto Filarmónica,Parque de los Deseos,Música,2025-05-03,4,13711,11966,11186,80000,25.9,85.8,27142298,-3.88,5,163986.0
MED-406,Concierto Filarmónica,Jardín Botánico,Moda,2025-07-02,1,8067,12145,17070,0,17.5,51.8,38287563,-5.53,3,0.0
MED-407,Comic Con,Plaza Mayor,Teatro,2025-02-12,1,6306,7762,31448,25000,20.1,88.3,44181875,-8.44,4,80513.0
MED-408,Feria de las Flores,Parque Explora,Teatro,2025-02-11,1,8568,3198,65618,25000,20.3,64.1,58391594,2.94,5,79345.0
MED-409,Tangovía,Teatro Pablo Tobón,Literatura,2025-01-03,1,8506,485,56669,450000,21.6,92.7,45528860,27.55,2,991606.0
MED-410,Concierto Filarmónica,Plaza Mayor,Música,2025-04-06,5,8187,8253,21446,450000,28.5,82.2,2422564,-5.82,3,909713.0
MED-411,Medellín Gourmet,Estadio Atanasio Girardot,Gastronomía,2025-01-15,5,8483,181,70434,80000,28.6,79.4,44209465,14.3,1,221105.0
MED-412,Tangovía,Teatro Pablo Tobón,Literatura,2025-05-06,5,4255,9374,93523,150000,25.5,66.5,36817564,-7.4,3,504621.0
MED-413,Concierto Filarmónica,Parque Explora,Moda,2025-09-19,4,9464,835,64598,450000,17.2,82.0,31574570,19.26,1,672653.0
MED-414,Altavoz Fest,Museo de Antioquia,Teatro,2025-05-04,4,9519,8860,85247,150000,28.2,47.2,37249898,20.69,4,182612.0
MED-415,Tangovía,Parque de los Deseos,Música,2026-05-01,6,9716,6342,23064,450000,25.3,84.4,43087976,18.69,1,1059744.0
MED-416,Comic Con,Teatro Pablo Tobón,Artes Plásticas,2025-01-20,1,6696,15803,5275,80000,25.5,93.5,21953626,-9.93,5,150377.0
MED-417,Medellín Gourmet,Teatro Pablo Tobón,Literatura,2025-01-26,1,12769,2616,90812,45000,17.7,69.4,45458216,10.8,4,66906.0
MED-418,Festival de Jazz,Parque de los Deseos,Artes Plásticas,2026-03-12,2,11022,7363,35552,25000,29.9,73.5,35529451,7.53,2,85789.0
MED-419,Feria de las Flores,Parque de los Deseos,Moda,2025-06-06,5,2067,7702,46566,150000,30.6,85.2,14673601,6.09,3,231104.0
MED-420,Colombiamoda,Jardín Botánico,Teatro,2025-01-03,2,8127,3756,33067,80000,18.0,59.2,25114031,23.52,2,169412.0
MED-421,Medellín Gourmet,Estadio Atanasio Girardot,Literatura,2025-11-19,2,9830,2207,26912,45000,20.6,79.9,3018829,-6.37,3,78651.0
MED-422,Fiesta del Libro,Estadio Atanasio Girardot,Gastronomía,2025-04-16,1,7610,6948,9341,150000,22.7,86.1,17352167,-3.77,1,420980.0
MED-423,Colombiamoda,Jardín Botánico,Música,2025-01-02,4,8963,4535,53069,25000,28.3,58.7,42466258,28.91,4,85448.0
MED-424,Feria de las Flores,Teatro Metropolitano,Literatura,2026-05-02,1,14335,13489,15561,25000,30.3,78.1,16638419,26.09,5,77525.0
MED-425,Concierto Filarmónica,Parque Explora,Artes Plásticas,2025-01-04,1,14869,4600,69863,80000,18.4,83.7,20935208,27.14,4,231635.0
MED-426,Altavoz Fest,Teatro Metropolitano,Gastronomía,2025-06-08,6,10710,5410,73021,80000,20.6,54.5,38658511,28.91,2,140325.0
MED-427,Festival de Poesía,Plaza Mayor,Artes Plásticas,2025-03-27,4,5752,2653,13027,150000,17.2,86.9,30541341,1.62,1,445114.0
MED-428,Festival de Jazz,Teatro Pablo Tobón,Teatro,2025-07-19,5,5285,8136,34941,45000,22.8,86.6,23517686,6.98,2,60240.0
MED-429,Altavoz Fest,Teatro Metropolitano,Moda,2025-04-11,2,8132,4880,41421,150000,21.0,55.2,14333811,-2.43,4,381892.0
MED-430,Altavoz Fest,Parque Explora,Gastronomía,2026-01-22,5,5652,15990,26487,450000,23.8,69.1,41842869,-9.34,3,1102764.0
MED-431,Feria de las Flores,Jardín Botánico,Moda,2025-08-15,5,6839,3760,25255,25000,26.6,83.6,39396471,10.29,5,84114.0
MED-432,Festival de Poesía,Estadio Atanasio Girardot,Literatura,2026-05-09,3,7127,6951,58629,45000,24.5,67.3,44657355,-3.88,3,103049.0
MED-433,Colombiamoda,Teatro Pablo Tobón,Teatro,2025-02-14,3,288,10455,52707,25000,17.0,86.3,55136502,-0.86,3,58586.0
MED-434,Medellín Gourmet,Museo de Antioquia,Música,2026-03-25,2,12356,9085,2582,80000,17.5,61.7,47820293,-1.45,2,121484.0
MED-435,Festival de Jazz,Jardín Botánico,Música,2025-08-09,4,6196,12729,4684,45000,24.9,87.3,27904333,9.74,5,95116.0
MED-436,Desfile de Silleteros,Plaza Mayor,Literatura,2025-09-10,5,5989,233,12435,45000,26.6,62.4,27211475,-2.97,1,99336.0
MED-437,Desfile de Silleteros,Museo de Antioquia,Moda,2025-02-20,2,12589,4420,21647,80000,20.3,64.6,73251823,29.95,1,173563.0
MED-438,Tangovía,Jardín Botánico,Literatura,2025-06-22,1,4876,3421,11323,0,27.7,80.3,21240713,7.31,3,0.0
MED-439,Feria de las Flores,Estadio Atanasio Girardot,Literatura,2026-04-11,6,10604,2006,24492,450000,25.8,61.1,29718669,21.43,5,1242188.0
MED-440,Comic Con,Museo de Antioquia,Literatura,2025-06-29,4,8770,801,82633,25000,23.7,73.0,23651250,29.25,5,40502.0
MED-441,Festival de Jazz,Jardín Botánico,Teatro,2025-04-02,6,3228,4800,7048,45000,28.2,50.5,71152945,-4.88,1,132531.0
MED-442,Festival de Poesía,Teatro Metropolitano,Teatro,2026-02-21,2,13941,11414,91609,150000,25.1,53.0,31431732,24.32,2,307053.0
MED-443,Medellín Gourmet,Teatro Pablo Tobón,Gastronomía,2025-10-30,3,12000,11389,50208,80000,30.2,84.6,67554163,27.61,3,102736.0
MED-444,Comic Con,Parque Explora,Música,2025-05-06,3,14664,1729,50768,450000,25.4,93.5,65877196,23.61,1,639053.0
MED-445,Comic Con,Teatro Pablo Tobón,Artes Plásticas,2026-04-14,2,10988,8074,56627,0,20.3,69.5,42297645,-8.29,4,0.0
MED-446,Comic Con,Teatro Metropolitano,Música,2025-01-23,1,11582,2615,15579,25000,17.9,51.5,69312202,12.45,1,67793.0
MED-447,Fiesta del Libro,Estadio Atanasio Girardot,Gastronomía,2025-02-11,4,11215,6690,19821,25000,18.3,71.0,52321969,26.91,2,45518.0
MED-448,Comic Con,Jardín Botánico,Literatura,2026-04-01,4,15000,1509,1841,80000,31.0,92.6,8628239,25.27,1,109149.0
MED-449,Desfile de Silleteros,Teatro Metropolitano,Gastronomía,2025-03-12,3,11648,4564,85369,25000,29.1,90.4,13015256,19.36,2,74830.0
MED-450,Fiesta del Libro,Jardín Botánico,Artes Plásticas,2025-08-03,4,12208,11284,43220,450000,30.7,79.1,25458430,22.95,4,1031352.0
MED-451,Festival de Poesía,Museo de Antioquia,Teatro,2025-08-14,4,11570,11187,44442,450000,17.4,92.2,26030978,0.05,2,1401029.0
MED-452,Festival de Poesía,Teatro Metropolitano,Literatura,2025-01-22,3,10591,2281,74498,150000,26.3,74.0,69403022,10.63,3,480047.0
MED-453,Colombiamoda,Teatro Pablo Tobón,Moda,2025-09-19,2,6832,2804,83454,80000,27.4,45.1,21659021,-9.06,5,223159.0
MED-454,Feria de las Flores,Parque Explora,Moda,2025-12-27,2,8100,5548,31179,450000,28.0,90.4,20781730,8.63,2,640621.0
MED-455,Desfile de Silleteros,Estadio Atanasio Girardot,Gastronomía,2025-02-17,6,1064,15624,93031,0,23.0,55.5,24483900,-8.98,2,0.0
MED-456,Concierto Filarmónica,Museo de Antioquia,Gastronomía,2026-02-05,2,8958,1728,20407,25000,18.8,45.7,69836785,15.42,4,36472.0
MED-457,Colombiamoda,Jardín Botánico,Artes Plásticas,2025-03-18,1,9049,15836,72219,0,24.0,65.9,40425384,27.11,5,0.0
MED-458,Desfile de Silleteros,Plaza Mayor,Gastronomía,2026-02-02,4,11954,5313,17777,80000,26.0,88.0,76313385,11.92,4,162862.0
MED-459,Colombiamoda,Estadio Atanasio Girardot,Teatro,2025-11-05,6,8192,2510,43851,150000,30.3,62.0,9191622,16.28,1,409320.0
MED-460,Comic Con,Parque de los Deseos,Artes Plásticas,2026-03-18,4,8328,14710,3284,45000,27.7,60.9,63391113,-6.77,2,69357.0
MED-461,Tangovía,Museo de Antioquia,Música,2026-02-20,4,5652,1291,65157,450000,23.7,61.2,30328041,20.18,1,1278621.0
MED-462,Festival de Poesía,Teatro Pablo Tobón,Música,2025-08-19,4,3179,6539,88626,80000,28.7,67.4,4460668,26.71,5,124623.0
MED-463,Fiesta del Libro,Estadio Atanasio Girardot,Gastronomía,2025-08-31,5,1240,10637,98451,0,26.0,82.6,36172733,3.9,3,0.0
MED-464,Feria de las Flores,Jardín Botánico,Literatura,2025-01-11,2,6518,5595,6770,0,17.2,75.9,60416357,-1.65,4,0.0
MED-465,Feria de las Flores,Jardín Botánico,Literatura,2026-03-20,1,14725,7983,12233,45000,21.7,55.6,45405860,19.46,4,129078.0
MED-466,Tangovía,Parque de los Deseos,Música,2025-06-23,3,3168,6585,33440,25000,20.5,62.1,23583145,17.12,2,45032.0
MED-467,Colombiamoda,Parque de los Deseos,Artes Plásticas,2026-02-07,1,4381,7375,54134,45000,22.6,69.5,32474354,13.32,2,87999.0
MED-468,Maridaje,Teatro Pablo Tobón,Literatura,2025-09-13,6,12834,12186,48208,150000,22.9,81.3,79973222,13.93,4,260647.0
MED-469,Comic Con,Museo de Antioquia,Música,2025-11-06,3,5081,13051,58951,0,18.5,90.7,7302083,8.68,3,0.0
MED-470,Tangovía,Parque Explora,Música,2026-01-05,2,14505,5927,55157,150000,21.7,75.2,27583675,28.65,3,366682.0
MED-471,Medellín Gourmet,Parque Explora,Artes Plásticas,2025-03-30,3,8597,10879,8884,150000,22.2,63.0,47954332,17.23,4,348255.0
MED-472,Festival de Poesía,Estadio Atanasio Girardot,Moda,2025-10-27,3,7560,15887,17284,45000,20.8,94.0,78826160,29.42,5,154931.0
MED-473,Desfile de Silleteros,Parque Explora,Teatro,2025-12-30,4,1206,13245,56265,80000,28.0,53.0,3693584,-4.37,5,207351.0
MED-474,Festival de Jazz,Estadio Atanasio Girardot,Música,2025-11-13,6,8113,2575,47085,150000,19.5,88.9,74935064,-7.6,4,298678.0
MED-475,Altavoz Fest,Plaza Mayor,Artes Plásticas,2025-03-28,5,7517,15748,92148,45000,25.7,63.9,47777581,-9.59,1,67019.0
MED-476,Festival de Poesía,Parque de los Deseos,Moda,2025-04-15,6,4366,6716,18117,45000,30.2,92.4,45955113,-4.49,2,139267.0
MED-477,Colombiamoda,Teatro Metropolitano,Gastronomía,2025-11-01,4,8632,395,33311,450000,24.5,53.6,38498808,23.72,5,1461972.0
MED-478,Feria de las Flores,Parque Explora,Gastronomía,2026-03-11,4,14813,6006,75642,25000,29.3,64.2,61249166,14.92,3,57156.0
MED-479,Desfile de Silleteros,Museo de Antioquia,Artes Plásticas,2025-09-18,2,3364,9259,12218,450000,29.8,48.3,7989318,2.64,2,1040443.0
MED-480,Colombiamoda,Teatro Pablo Tobón,Artes Plásticas,2025-02-04,6,6771,11140,27028,450000,18.2,90.0,75256367,-5.77,3,1027697.0
MED-481,Tangovía,Jardín Botánico,Música,2026-01-12,3,10477,15057,87711,450000,18.8,51.5,43036787,28.62,1,672243.0
MED-482,Medellín Gourmet,Plaza Mayor,Artes Plásticas,2026-03-26,2,4662,11704,85915,25000,25.4,74.2,49863383,28.6,2,59391.0
MED-483,Desfile de Silleteros,Teatro Pablo Tobón,Moda,2026-04-05,1,789,1488,72903,150000,23.5,56.1,35671449,23.1,2,232633.0
MED-484,Colombiamoda,Parque Explora,Moda,2025-04-08,5,13547,8649,13582,45000,17.8,92.6,34891857,1.01,3,94926.0
MED-485,Concierto Filarmónica,Estadio Atanasio Girardot,Música,2025-04-11,5,3374,15371,16493,25000,17.9,78.5,30645863,28.97,5,32217.0
MED-486,Medellín Gourmet,Museo de Antioquia,Moda,2025-09-09,5,2375,8378,36031,150000,19.9,67.8,74256646,14.19,2,265237.0
MED-487,Feria de las Flores,Parque Explora,Música,2025-02-01,1,314,12183,94655,45000,26.9,46.5,33763493,24.18,3,88939.0
MED-488,Desfile de Silleteros,Plaza Mayor,Teatro,2026-03-06,2,1271,5741,92801,150000,23.4,50.7,5672400,29.02,1,271948.0
MED-489,Feria de las Flores,Parque Explora,Gastronomía,2025-03-07,2,9386,8888,50682,150000,28.3,76.9,70168622,27.51,4,217012.0
MED-490,Desfile de Silleteros,Museo de Antioquia,Literatura,2025-09-07,2,1511,12829,86851,150000,27.7,67.9,43619483,23.74,5,206217.0
MED-491,Fiesta del Libro,Teatro Pablo Tobón,Moda,2025-12-17,1,7357,9490,23183,25000,30.3,82.0,15331072,8.94,2,66742.0
MED-492,Maridaje,Parque Explora,Artes Plásticas,2026-03-17,2,2899,12678,6278,450000,21.9,76.8,60244722,2.82,3,716476.0
MED-493,Feria de las Flores,Jardín Botánico,Gastronomía,2025-02-21,6,13755,3234,27647,25000,22.7,47.2,43942127,4.32,2,72176.0
MED-494,Fiesta del Libro,Parque de los Deseos,Gastronomía,2025-09-20,4,2357,8558,22563,25000,27.1,46.6,43627129,16.96,3,43747.0
MED-495,Desfile de Silleteros,Teatro Pablo Tobón,Gastronomía,2025-08-03,6,10210,3642,44738,80000,21.9,58.9,11442080,24.11,1,165089.0
MED-496,Colombiamoda,Museo de Antioquia,Gastronomía,2025-03-04,4,995,13464,84862,150000,25.8,73.4,30651819,-1.54,3,333396.0
MED-497,Festival de Poesía,Parque de los Deseos,Moda,2025-07-08,5,3450,2632,66920,25000,30.3,54.2,26032836,18.08,3,41552.0
MED-498,Concierto Filarmónica,Plaza Mayor,Artes Plásticas,2025-10-13,4,12665,9679,99163,0,17.8,68.6,3697479,20.69,4,0.0
MED-499,Comic Con,Plaza Mayor,Teatro,2026-03-24,5,5452,9817,71281,0,21.8,81.5,61653678,5.43,5,0.0
MED-500,Concierto Filarmónica,Teatro Pablo Tobón,Música,2025-03-03,2,7576,12092,32509,150000,30.8,65.7,59538555,8.33,2,454402.0
